{
"chan_vese_script.m!boxes": [1605004962.569895, "-", "-", "-"], 
"chan_vese_script.m!main": [1605003048.469076, "170 ln", "Text", "-", 4561], 
"chan_vese_script.m!raw": [1605014916.518073, "-", null, "-"], 
"chan_vese_script.m~!boxes": [1605004962.609312, "-", "-", "-"], 
"chan_vese_script.m~!main": [1605003048.490738, "168 ln", "Text", "-", 4300], 
"chan_vese_script.m~!raw": [1605014916.600267, "-", null, "-"], 
"cmpRes.m!boxes": [1605004962.687987, "-", "-", "-"], 
"cmpRes.m!main": [1605003048.50562, "68 ln", "Text", "-", 1831], 
"cmpRes.m!raw": [1605013467.82501, "-", null, "-"], 
"diary!boxes": [1605004962.703773, "-", null, "-"], 
"diary!main": [1605003048.519641, "0 ln", "Text", "-", 0], 
"diary!raw": [1605013467.850657, "-", null, "-"], 
"genDat.m!boxes": [1605004962.721982, "-", "-", "-"], 
"genDat.m!main": [1605004435.312895, "46 ln", "Text", "-", 976], 
"genDat.m!raw": [1605013467.867312, "-", null, "-"], 
"imfiltRadCorr.m!boxes": [1605004962.737957, "-", "-", "-"], 
"imfiltRadCorr.m!main": [1605004435.327413, "46 ln", "Text", "-", 1159], 
"imfiltRadCorr.m!raw": [1605013467.897186, "-", null, "-"], 
"showRadSeq.m!boxes": [1605004962.841642, "-", "-", "-"], 
"showRadSeq.m!main": [1605004435.342345, "20 ln", "Text", "-", 345], 
"showRadSeq.m!raw": [1605013467.924921, "-", null, "-"], 
"showRes.m!boxes": [1605005013.389374, "-", "-", "-"], 
"showRes.m!main": [1605004435.357259, "9 ln", "Text", "-", 193], 
"showRes.m!raw": [1605013467.961614, "-", null, "-"], 
"simulations.m!boxes": [1605005013.405785, "-", "-", "-"]
}